STATE,STATENAME,ST_CASE,VEH_NO,PVEHICLESF,PVEHICLESFNAME
1,Alabama,10039,2,0,None Noted
1,Alabama,10087,2,0,None Noted
1,Alabama,10206,2,0,None Noted
1,Alabama,10398,2,0,None Noted
1,Alabama,10513,2,0,None Noted
1,Alabama,10513,3,0,None Noted
1,Alabama,10525,2,0,None Noted
1,Alabama,10635,2,0,None Noted
1,Alabama,10635,3,0,None Noted
1,Alabama,10637,2,0,None Noted
1,Alabama,10639,2,0,None Noted
1,Alabama,10686,2,0,None Noted
1,Alabama,10781,1,0,None Noted
1,Alabama,10799,2,0,None Noted
1,Alabama,10864,2,0,None Noted
1,Alabama,10873,2,0,None Noted
1,Alabama,10899,2,0,None Noted
4,Arizona,40039,2,0,None Noted
4,Arizona,40249,2,0,None Noted
4,Arizona,40346,2,0,None Noted
4,Arizona,40352,2,0,None Noted
4,Arizona,40415,2,0,None Noted
4,Arizona,40511,2,0,None Noted
4,Arizona,40511,3,0,None Noted
4,Arizona,40538,3,0,None Noted
4,Arizona,40544,3,0,None Noted
4,Arizona,40638,2,0,None Noted
4,Arizona,40666,2,0,None Noted
4,Arizona,40718,2,0,None Noted
4,Arizona,40718,3,0,None Noted
4,Arizona,40762,2,0,None Noted
4,Arizona,40917,3,0,None Noted
4,Arizona,40938,1,0,None Noted
4,Arizona,40938,3,0,None Noted
4,Arizona,40938,4,0,None Noted
4,Arizona,40938,5,0,None Noted
4,Arizona,40938,6,0,None Noted
4,Arizona,40938,7,0,None Noted
4,Arizona,40940,2,0,None Noted
4,Arizona,40991,2,0,None Noted
4,Arizona,41245,2,0,None Noted
5,Arkansas,50086,2,0,None Noted
5,Arkansas,50105,2,32,Vehicle Registration forÂ a Person with a Disability
5,Arkansas,50248,2,0,None Noted
5,Arkansas,50314,2,0,None Noted
5,Arkansas,50364,3,0,None Noted
5,Arkansas,50518,2,0,None Noted
6,California,60049,2,0,None Noted
6,California,60131,2,0,None Noted
6,California,60136,3,0,None Noted
6,California,60232,2,42,"Other Working Vehicle (Not Construction, Maintenance, Utility, Police, Fire, or EMS Vehicle)"
6,California,60299,2,0,None Noted
6,California,60390,3,0,None Noted
6,California,60392,3,0,None Noted
6,California,60392,4,0,None Noted
6,California,60443,3,0,None Noted
6,California,60443,4,0,None Noted
6,California,60508,2,0,None Noted
6,California,60522,2,0,None Noted
6,California,60522,3,0,None Noted
6,California,60531,4,0,None Noted
6,California,60534,3,0,None Noted
6,California,60575,2,0,None Noted
6,California,60582,2,0,None Noted
6,California,60628,2,0,None Noted
6,California,60730,2,0,None Noted
6,California,60733,2,0,None Noted
6,California,60748,2,0,None Noted
6,California,60748,3,0,None Noted
6,California,60767,3,0,None Noted
6,California,60767,4,0,None Noted
6,California,60787,2,0,None Noted
6,California,60787,3,0,None Noted
6,California,60796,2,0,None Noted
6,California,60801,2,0,None Noted
6,California,60807,2,0,None Noted
6,California,60841,3,0,None Noted
6,California,60841,4,0,None Noted
6,California,60943,2,0,None Noted
6,California,60980,3,0,None Noted
6,California,60980,4,0,None Noted
6,California,60980,5,0,None Noted
6,California,60989,2,0,None Noted
6,California,61000,3,0,None Noted
6,California,61005,3,0,None Noted
6,California,61005,4,0,None Noted
6,California,61005,5,0,None Noted
6,California,61034,2,0,None Noted
6,California,61108,2,0,None Noted
6,California,61149,2,0,None Noted
6,California,61160,2,0,None Noted
6,California,61226,2,0,None Noted
6,California,61226,3,0,None Noted
6,California,61226,4,0,None Noted
6,California,61234,4,0,None Noted
6,California,61245,2,0,None Noted
6,California,61245,3,0,None Noted
6,California,61245,4,0,None Noted
6,California,61245,5,0,None Noted
6,California,61245,6,0,None Noted
6,California,61272,2,0,None Noted
6,California,61272,3,0,None Noted
6,California,61274,3,0,None Noted
6,California,61277,2,0,None Noted
6,California,61277,3,0,None Noted
6,California,61282,2,0,None Noted
6,California,61287,2,0,None Noted
6,California,61318,2,0,None Noted
6,California,61355,2,0,None Noted
6,California,61364,2,0,None Noted
6,California,61367,2,0,None Noted
6,California,61369,2,0,None Noted
6,California,61369,3,0,None Noted
6,California,61387,3,0,None Noted
6,California,61387,4,0,None Noted
6,California,61387,5,0,None Noted
6,California,61390,2,0,None Noted
6,California,61390,3,0,None Noted
6,California,61393,3,0,None Noted
6,California,61406,2,0,None Noted
6,California,61406,3,0,None Noted
6,California,61406,4,0,None Noted
6,California,61437,3,0,None Noted
6,California,61437,4,0,None Noted
6,California,61437,5,0,None Noted
6,California,61477,2,0,None Noted
6,California,61534,2,0,None Noted
6,California,61555,3,0,None Noted
6,California,61560,2,0,None Noted
6,California,61569,3,0,None Noted
6,California,61604,2,0,None Noted
6,California,61607,2,0,None Noted
6,California,61607,3,0,None Noted
6,California,61656,2,0,None Noted
6,California,61695,2,0,None Noted
6,California,61695,3,0,None Noted
6,California,61695,6,0,None Noted
6,California,61695,9,0,None Noted
6,California,61697,2,0,None Noted
6,California,61719,2,0,None Noted
6,California,61723,2,0,None Noted
6,California,61723,3,0,None Noted
6,California,61723,4,0,None Noted
6,California,61723,5,0,None Noted
6,California,61723,6,0,None Noted
6,California,61723,7,0,None Noted
6,California,61723,8,0,None Noted
6,California,61755,2,0,None Noted
6,California,61755,3,0,None Noted
6,California,61769,2,0,None Noted
6,California,61884,3,0,None Noted
6,California,61884,4,0,None Noted
6,California,61884,5,0,None Noted
6,California,61903,2,42,"Other Working Vehicle (Not Construction, Maintenance, Utility, Police, Fire, or EMS Vehicle)"
6,California,61922,2,0,None Noted
6,California,61927,2,0,None Noted
6,California,61927,3,0,None Noted
6,California,61972,2,0,None Noted
6,California,62003,2,0,None Noted
6,California,62003,3,0,None Noted
6,California,62003,4,0,None Noted
6,California,62036,2,0,None Noted
6,California,62099,2,0,None Noted
6,California,62101,2,0,None Noted
6,California,62101,3,0,None Noted
6,California,62101,4,0,None Noted
6,California,62101,5,0,None Noted
6,California,62111,4,0,None Noted
6,California,62111,5,0,None Noted
6,California,62148,2,0,None Noted
6,California,62148,3,0,None Noted
6,California,62171,2,0,None Noted
6,California,62180,2,0,None Noted
6,California,62180,3,0,None Noted
6,California,62185,2,0,None Noted
6,California,62223,2,0,None Noted
6,California,62225,2,0,None Noted
6,California,62245,3,0,None Noted
6,California,62255,2,0,None Noted
6,California,62255,3,0,None Noted
6,California,62272,2,0,None Noted
6,California,62275,2,0,None Noted
6,California,62276,2,0,None Noted
6,California,62276,3,0,None Noted
6,California,62276,4,0,None Noted
6,California,62369,3,0,None Noted
6,California,62402,2,0,None Noted
6,California,62423,3,0,None Noted
6,California,62429,2,0,None Noted
6,California,62458,3,0,None Noted
6,California,62458,4,0,None Noted
6,California,62458,5,0,None Noted
6,California,62459,2,0,None Noted
6,California,62484,2,0,None Noted
6,California,62494,2,0,None Noted
6,California,62496,2,0,None Noted
6,California,62496,3,0,None Noted
6,California,62575,3,35,Reconstructed/Altered Vehicle
6,California,62575,4,0,None Noted
6,California,62575,5,0,None Noted
6,California,62575,6,0,None Noted
6,California,62583,2,0,None Noted
6,California,62667,2,0,None Noted
6,California,62667,3,0,None Noted
6,California,62667,4,0,None Noted
6,California,62667,5,0,None Noted
6,California,62675,2,0,None Noted
6,California,62680,3,0,None Noted
6,California,62680,4,0,None Noted
6,California,62709,2,0,None Noted
6,California,62720,2,0,None Noted
6,California,62738,2,0,None Noted
6,California,62831,3,0,None Noted
6,California,62843,2,0,None Noted
6,California,62869,2,0,None Noted
6,California,62875,2,0,None Noted
6,California,62875,3,0,None Noted
6,California,62875,4,0,None Noted
6,California,62876,3,0,None Noted
6,California,62876,4,0,None Noted
6,California,62878,3,0,None Noted
6,California,62880,2,0,None Noted
6,California,62880,3,0,None Noted
6,California,62880,4,0,None Noted
6,California,62913,3,0,None Noted
6,California,62928,2,0,None Noted
6,California,62933,2,0,None Noted
6,California,62940,3,0,None Noted
6,California,62945,2,0,None Noted
6,California,62973,2,0,None Noted
6,California,62973,3,0,None Noted
6,California,63023,2,0,None Noted
6,California,63129,2,0,None Noted
6,California,63133,3,0,None Noted
6,California,63133,4,0,None Noted
6,California,63168,2,0,None Noted
6,California,63173,2,0,None Noted
6,California,63241,2,0,None Noted
6,California,63252,3,0,None Noted
6,California,63252,4,0,None Noted
6,California,63252,5,0,None Noted
6,California,63252,6,0,None Noted
6,California,63272,2,0,None Noted
6,California,63272,3,0,None Noted
6,California,63272,4,0,None Noted
6,California,63272,5,0,None Noted
6,California,63272,6,0,None Noted
6,California,63272,7,0,None Noted
6,California,63272,8,0,None Noted
6,California,63272,9,0,None Noted
6,California,63272,10,0,None Noted
6,California,63282,2,0,None Noted
6,California,63282,3,0,None Noted
6,California,63282,4,0,None Noted
6,California,63288,2,0,None Noted
6,California,63288,3,0,None Noted
6,California,63288,4,0,None Noted
6,California,63288,5,0,None Noted
6,California,63288,6,0,None Noted
6,California,63307,4,0,None Noted
6,California,63310,2,0,None Noted
6,California,63310,3,0,None Noted
6,California,63312,2,39,"Highway Construction, Maintenance, or Utility Vehicle, In Transport (Inside or Outside Workzone)"
6,California,63329,2,0,None Noted
6,California,63387,2,0,None Noted
6,California,63396,2,0,None Noted
6,California,63418,4,0,None Noted
6,California,63418,5,0,None Noted
6,California,63440,2,0,None Noted
6,California,63440,3,0,None Noted
6,California,63442,2,0,None Noted
6,California,63442,3,0,None Noted
6,California,63446,2,0,None Noted
6,California,63448,2,0,None Noted
6,California,63448,3,0,None Noted
6,California,63448,4,0,None Noted
6,California,63450,2,0,None Noted
6,California,63450,3,0,None Noted
6,California,63451,2,0,None Noted
6,California,63451,3,0,None Noted
6,California,63451,4,0,None Noted
6,California,63451,5,0,None Noted
6,California,63451,6,0,None Noted
6,California,63451,7,0,None Noted
6,California,63451,8,0,None Noted
6,California,63451,9,0,None Noted
6,California,63451,10,0,None Noted
6,California,63457,3,0,None Noted
6,California,63499,2,0,None Noted
6,California,63499,3,0,None Noted
6,California,63499,4,0,None Noted
6,California,63499,5,0,None Noted
6,California,63509,3,0,None Noted
6,California,63531,2,0,None Noted
6,California,63540,2,0,None Noted
6,California,63540,3,0,None Noted
6,California,63544,2,0,None Noted
6,California,63544,3,0,None Noted
6,California,63546,2,0,None Noted
6,California,63554,3,0,None Noted
6,California,63563,2,0,None Noted
6,California,63563,3,0,None Noted
6,California,63563,4,0,None Noted
6,California,63595,2,0,None Noted
6,California,63598,2,0,None Noted
6,California,63598,3,0,None Noted
6,California,63598,4,0,None Noted
6,California,63601,2,0,None Noted
6,California,63607,3,0,None Noted
6,California,63627,2,0,None Noted
6,California,63627,3,0,None Noted
6,California,63635,3,0,None Noted
6,California,63635,4,0,None Noted
6,California,63635,5,0,None Noted
6,California,63635,6,0,None Noted
6,California,63635,7,0,None Noted
6,California,63636,3,0,None Noted
6,California,63636,4,0,None Noted
6,California,63644,2,0,None Noted
6,California,63644,3,0,None Noted
6,California,63713,3,0,None Noted
6,California,63741,2,0,None Noted
6,California,63744,2,0,None Noted
6,California,63744,3,0,None Noted
6,California,63744,4,0,None Noted
6,California,63744,5,0,None Noted
6,California,63761,3,0,None Noted
6,California,63766,2,0,None Noted
8,Colorado,80046,2,42,"Other Working Vehicle (Not Construction, Maintenance, Utility, Police, Fire, or EMS Vehicle)"
8,Colorado,80049,1,0,None Noted
8,Colorado,80094,2,0,None Noted
8,Colorado,80105,2,0,None Noted
8,Colorado,80105,3,0,None Noted
8,Colorado,80105,4,0,None Noted
8,Colorado,80173,3,0,None Noted
8,Colorado,80244,2,0,None Noted
8,Colorado,80260,3,0,None Noted
8,Colorado,80260,4,0,None Noted
8,Colorado,80277,2,0,None Noted
8,Colorado,80277,3,0,None Noted
8,Colorado,80277,4,0,None Noted
8,Colorado,80336,2,42,"Other Working Vehicle (Not Construction, Maintenance, Utility, Police, Fire, or EMS Vehicle)"
8,Colorado,80390,2,0,None Noted
8,Colorado,80402,2,0,None Noted
8,Colorado,80469,2,0,None Noted
8,Colorado,80517,2,0,None Noted
8,Colorado,80548,2,0,None Noted
8,Colorado,80567,2,0,None Noted
8,Colorado,80574,2,0,None Noted
9,Connecticut,90008,4,0,None Noted
9,Connecticut,90008,5,0,None Noted
9,Connecticut,90008,6,0,None Noted
9,Connecticut,90035,1,0,None Noted
9,Connecticut,90062,2,0,None Noted
9,Connecticut,90062,3,0,None Noted
9,Connecticut,90088,2,0,None Noted
9,Connecticut,90239,1,0,None Noted
9,Connecticut,90287,2,0,None Noted
9,Connecticut,90292,1,0,None Noted
10,Delaware,100003,2,0,None Noted
10,Delaware,100013,2,0,None Noted
10,Delaware,100032,3,0,None Noted
10,Delaware,100046,2,0,None Noted
10,Delaware,100047,1,0,None Noted
10,Delaware,100072,3,0,None Noted
11,District of Columbia,110002,2,0,None Noted
11,District of Columbia,110012,2,0,None Noted
11,District of Columbia,110033,2,0,None Noted
11,District of Columbia,110040,5,0,None Noted
12,Florida,120005,2,0,None Noted
12,Florida,120022,2,0,None Noted
12,Florida,120107,2,0,None Noted
12,Florida,120209,2,0,None Noted
12,Florida,120209,3,0,None Noted
12,Florida,120209,4,0,None Noted
12,Florida,120209,5,0,None Noted
12,Florida,120219,3,0,None Noted
12,Florida,120298,2,0,None Noted
12,Florida,120340,2,0,None Noted
12,Florida,120347,2,0,None Noted
12,Florida,120385,3,0,None Noted
12,Florida,120412,3,0,None Noted
12,Florida,120442,1,0,None Noted
12,Florida,120442,3,0,None Noted
12,Florida,120634,3,0,None Noted
12,Florida,120649,3,0,None Noted
12,Florida,120698,4,0,None Noted
12,Florida,120756,3,0,None Noted
12,Florida,120756,4,0,None Noted
12,Florida,120756,5,0,None Noted
12,Florida,120756,6,0,None Noted
12,Florida,120756,7,0,None Noted
12,Florida,120781,3,0,None Noted
12,Florida,120781,4,0,None Noted
12,Florida,120790,2,0,None Noted
12,Florida,120802,2,0,None Noted
12,Florida,120802,3,0,None Noted
12,Florida,120802,4,0,None Noted
12,Florida,120817,2,0,None Noted
12,Florida,120841,2,0,None Noted
12,Florida,120849,2,0,None Noted
12,Florida,120869,2,0,None Noted
12,Florida,120869,3,0,None Noted
12,Florida,120873,2,0,None Noted
12,Florida,120940,4,0,None Noted
12,Florida,120980,2,0,None Noted
12,Florida,121053,2,0,None Noted
12,Florida,121084,3,0,None Noted
12,Florida,121097,2,0,None Noted
12,Florida,121133,3,0,None Noted
12,Florida,121217,3,0,None Noted
12,Florida,121229,2,0,None Noted
12,Florida,121266,3,0,None Noted
12,Florida,121266,4,0,None Noted
12,Florida,121334,2,0,None Noted
12,Florida,121334,3,0,None Noted
12,Florida,121334,4,0,None Noted
12,Florida,121424,2,0,None Noted
12,Florida,121529,2,0,None Noted
12,Florida,121538,2,0,None Noted
12,Florida,121539,3,0,None Noted
12,Florida,121595,2,0,None Noted
12,Florida,121625,2,0,None Noted
12,Florida,121625,3,0,None Noted
12,Florida,121737,2,0,None Noted
12,Florida,121749,2,0,None Noted
12,Florida,121749,3,0,None Noted
12,Florida,121870,2,0,None Noted
12,Florida,121909,2,0,None Noted
12,Florida,121948,2,0,None Noted
12,Florida,121998,1,0,None Noted
12,Florida,122006,2,0,None Noted
12,Florida,122012,2,0,None Noted
12,Florida,122020,3,0,None Noted
12,Florida,122020,4,0,None Noted
12,Florida,122062,2,0,None Noted
12,Florida,122066,3,0,None Noted
12,Florida,122190,3,0,None Noted
12,Florida,122198,2,0,None Noted
12,Florida,122280,2,0,None Noted
12,Florida,122280,3,0,None Noted
12,Florida,122294,2,0,None Noted
12,Florida,122295,2,0,None Noted
12,Florida,122295,3,0,None Noted
12,Florida,122298,2,0,None Noted
12,Florida,122304,3,0,None Noted
12,Florida,122389,2,0,None Noted
12,Florida,122403,2,0,None Noted
12,Florida,122543,2,0,None Noted
12,Florida,122543,3,0,None Noted
12,Florida,122555,2,0,None Noted
12,Florida,122565,3,0,None Noted
12,Florida,122572,1,0,None Noted
12,Florida,122608,2,0,None Noted
12,Florida,122674,2,0,None Noted
12,Florida,122692,2,0,None Noted
12,Florida,122806,2,0,None Noted
12,Florida,122806,3,0,None Noted
12,Florida,122825,2,0,None Noted
12,Florida,122843,2,0,None Noted
12,Florida,122865,2,0,None Noted
12,Florida,122895,2,0,None Noted
12,Florida,122997,3,0,None Noted
12,Florida,122997,4,0,None Noted
12,Florida,123006,2,0,None Noted
12,Florida,123006,3,0,None Noted
12,Florida,123077,2,0,None Noted
12,Florida,123127,2,0,None Noted
12,Florida,123130,3,0,None Noted
12,Florida,123154,2,0,None Noted
12,Florida,123160,2,0,None Noted
12,Florida,123191,3,0,None Noted
12,Florida,123191,4,0,None Noted
12,Florida,123191,5,0,None Noted
12,Florida,123191,6,0,None Noted
12,Florida,123191,7,0,None Noted
12,Florida,123222,2,0,None Noted
12,Florida,123222,3,0,None Noted
12,Florida,123236,3,0,None Noted
12,Florida,123242,2,0,None Noted
12,Florida,123315,2,0,None Noted
12,Florida,123315,3,0,None Noted
12,Florida,123318,2,0,None Noted
13,Georgia,130035,2,0,None Noted
13,Georgia,130035,3,0,None Noted
13,Georgia,130081,2,0,None Noted
13,Georgia,130081,3,0,None Noted
13,Georgia,130124,2,0,None Noted
13,Georgia,130159,2,0,None Noted
13,Georgia,130177,2,0,None Noted
13,Georgia,130177,3,0,None Noted
13,Georgia,130291,2,0,None Noted
13,Georgia,130303,2,0,None Noted
13,Georgia,130390,2,0,None Noted
13,Georgia,130425,2,0,None Noted
13,Georgia,130448,2,0,None Noted
13,Georgia,130456,2,0,None Noted
13,Georgia,130456,3,0,None Noted
13,Georgia,130456,4,0,None Noted
13,Georgia,130490,2,0,None Noted
13,Georgia,130536,2,0,None Noted
13,Georgia,130567,2,42,"Other Working Vehicle (Not Construction, Maintenance, Utility, Police, Fire, or EMS Vehicle)"
13,Georgia,130630,2,0,None Noted
13,Georgia,130664,2,0,None Noted
13,Georgia,130669,2,0,None Noted
13,Georgia,130703,2,0,None Noted
13,Georgia,130703,3,0,None Noted
13,Georgia,130703,4,0,None Noted
13,Georgia,130703,5,0,None Noted
13,Georgia,130703,6,0,None Noted
13,Georgia,130733,2,0,None Noted
13,Georgia,130733,3,0,None Noted
13,Georgia,130929,2,0,None Noted
13,Georgia,130954,2,0,None Noted
13,Georgia,130971,2,0,None Noted
13,Georgia,131037,2,0,None Noted
13,Georgia,131084,2,0,None Noted
13,Georgia,131086,2,0,None Noted
13,Georgia,131095,1,0,None Noted
13,Georgia,131133,2,0,None Noted
13,Georgia,131133,3,0,None Noted
13,Georgia,131233,2,0,None Noted
13,Georgia,131233,3,0,None Noted
13,Georgia,131233,4,0,None Noted
13,Georgia,131432,2,0,None Noted
13,Georgia,131432,3,0,None Noted
13,Georgia,131453,2,42,"Other Working Vehicle (Not Construction, Maintenance, Utility, Police, Fire, or EMS Vehicle)"
13,Georgia,131532,2,41,"Police, Fire, or EMS Vehicle Working at the Scene of an Emergency or Performing Other Traffic Control Activities"
13,Georgia,131537,3,0,None Noted
15,Hawaii,150004,3,0,None Noted
15,Hawaii,150004,4,0,None Noted
15,Hawaii,150004,5,0,None Noted
15,Hawaii,150051,2,0,None Noted
16,Idaho,160032,2,0,None Noted
16,Idaho,160092,2,0,None Noted
16,Idaho,160145,2,0,None Noted
16,Idaho,160172,3,0,None Noted
17,Illinois,170005,2,0,None Noted
17,Illinois,170005,3,0,None Noted
17,Illinois,170005,4,0,None Noted
17,Illinois,170005,5,0,None Noted
17,Illinois,170064,4,0,None Noted
17,Illinois,170078,2,42,"Other Working Vehicle (Not Construction, Maintenance, Utility, Police, Fire, or EMS Vehicle)"
17,Illinois,170079,2,0,None Noted
17,Illinois,170085,2,0,None Noted
17,Illinois,170116,2,0,None Noted
17,Illinois,170116,3,0,None Noted
17,Illinois,170116,4,0,None Noted
17,Illinois,170233,2,0,None Noted
17,Illinois,170290,2,0,None Noted
17,Illinois,170336,2,0,None Noted
17,Illinois,170336,3,0,None Noted
17,Illinois,170336,4,0,None Noted
17,Illinois,170336,5,0,None Noted
17,Illinois,170336,6,0,None Noted
17,Illinois,170336,7,0,None Noted
17,Illinois,170385,2,0,None Noted
17,Illinois,170393,2,0,None Noted
17,Illinois,170404,3,0,None Noted
17,Illinois,170434,3,0,None Noted
17,Illinois,170440,2,0,None Noted
17,Illinois,170452,2,0,None Noted
17,Illinois,170455,2,0,None Noted
17,Illinois,170457,2,0,None Noted
17,Illinois,170464,2,0,None Noted
17,Illinois,170506,2,0,None Noted
17,Illinois,170507,3,29,Default Code Used for Vehicle Numbering
17,Illinois,170515,3,0,None Noted
17,Illinois,170515,4,0,None Noted
17,Illinois,170515,5,0,None Noted
17,Illinois,170528,2,0,None Noted
17,Illinois,170528,3,0,None Noted
17,Illinois,170567,2,0,None Noted
17,Illinois,170567,3,0,None Noted
17,Illinois,170567,4,0,None Noted
17,Illinois,170641,2,0,None Noted
17,Illinois,170660,3,0,None Noted
17,Illinois,170683,4,0,None Noted
17,Illinois,170712,2,0,None Noted
17,Illinois,170725,2,0,None Noted
17,Illinois,170725,3,0,None Noted
17,Illinois,170725,4,0,None Noted
17,Illinois,170725,5,0,None Noted
17,Illinois,170739,2,0,None Noted
17,Illinois,170756,3,0,None Noted
17,Illinois,170782,2,0,None Noted
17,Illinois,170862,2,0,None Noted
17,Illinois,170862,3,0,None Noted
17,Illinois,170862,4,0,None Noted
17,Illinois,170862,5,0,None Noted
17,Illinois,170936,2,0,None Noted
17,Illinois,170936,3,0,None Noted
17,Illinois,170955,2,0,None Noted
17,Illinois,171057,2,42,"Other Working Vehicle (Not Construction, Maintenance, Utility, Police, Fire, or EMS Vehicle)"
17,Illinois,171067,2,0,None Noted
17,Illinois,171067,3,0,None Noted
17,Illinois,171068,2,0,None Noted
17,Illinois,171068,3,0,None Noted
17,Illinois,171068,4,0,None Noted
17,Illinois,171068,5,0,None Noted
17,Illinois,171086,2,0,None Noted
17,Illinois,171124,2,0,None Noted
17,Illinois,171163,2,0,None Noted
17,Illinois,171171,2,0,None Noted
17,Illinois,171172,3,0,None Noted
17,Illinois,171172,4,0,None Noted
17,Illinois,171172,5,0,None Noted
17,Illinois,171172,6,0,None Noted
17,Illinois,171172,7,0,None Noted
17,Illinois,171172,8,0,None Noted
18,Indiana,180003,2,0,None Noted
18,Indiana,180008,2,0,None Noted
18,Indiana,180008,3,0,None Noted
18,Indiana,180052,2,0,None Noted
18,Indiana,180076,2,0,None Noted
18,Indiana,180167,3,0,None Noted
18,Indiana,180177,2,0,None Noted
18,Indiana,180311,2,0,None Noted
18,Indiana,180311,3,0,None Noted
18,Indiana,180374,2,0,None Noted
18,Indiana,180396,2,0,None Noted
18,Indiana,180396,3,0,None Noted
18,Indiana,180396,4,0,None Noted
18,Indiana,180421,2,0,None Noted
18,Indiana,180438,2,0,None Noted
18,Indiana,180481,2,0,None Noted
18,Indiana,180500,2,0,None Noted
18,Indiana,180543,2,0,None Noted
18,Indiana,180544,2,0,None Noted
18,Indiana,180737,3,0,None Noted
18,Indiana,180750,2,0,None Noted
18,Indiana,180750,3,0,None Noted
18,Indiana,180750,4,0,None Noted
18,Indiana,180757,2,0,None Noted
18,Indiana,180761,3,0,None Noted
18,Indiana,180761,4,0,None Noted
18,Indiana,180794,2,0,None Noted
18,Indiana,180816,2,0,None Noted
18,Indiana,180816,3,0,None Noted
18,Indiana,180816,4,0,None Noted
18,Indiana,180822,2,0,None Noted
18,Indiana,180823,2,0,None Noted
18,Indiana,180863,2,0,None Noted
19,Iowa,190005,2,0,None Noted
19,Iowa,190076,2,42,"Other Working Vehicle (Not Construction, Maintenance, Utility, Police, Fire, or EMS Vehicle)"
19,Iowa,190185,2,0,None Noted
19,Iowa,190197,2,0,None Noted
19,Iowa,190263,2,0,None Noted
19,Iowa,190263,3,0,None Noted
19,Iowa,190278,1,0,None Noted
19,Iowa,190300,2,0,None Noted
19,Iowa,190329,2,0,None Noted
20,Kansas,200049,2,0,None Noted
20,Kansas,200067,4,0,None Noted
20,Kansas,200094,2,0,None Noted
20,Kansas,200286,5,42,"Other Working Vehicle (Not Construction, Maintenance, Utility, Police, Fire, or EMS Vehicle)"
20,Kansas,200286,6,0,None Noted
20,Kansas,200286,7,0,None Noted
21,Kentucky,210042,4,0,None Noted
21,Kentucky,210056,2,0,None Noted
21,Kentucky,210056,3,0,None Noted
21,Kentucky,210147,2,0,None Noted
21,Kentucky,210199,2,0,None Noted
21,Kentucky,210284,2,0,None Noted
21,Kentucky,210317,2,0,None Noted
21,Kentucky,210330,2,0,None Noted
21,Kentucky,210520,2,0,None Noted
21,Kentucky,210574,2,0,None Noted
21,Kentucky,210667,2,0,None Noted
21,Kentucky,210679,2,0,None Noted
21,Kentucky,210769,3,0,None Noted
22,Louisiana,220005,2,0,None Noted
22,Louisiana,220034,2,0,None Noted
22,Louisiana,220034,3,0,None Noted
22,Louisiana,220039,2,0,None Noted
22,Louisiana,220039,3,0,None Noted
22,Louisiana,220045,2,0,None Noted
22,Louisiana,220113,2,0,None Noted
22,Louisiana,220113,3,0,None Noted
22,Louisiana,220148,2,0,None Noted
22,Louisiana,220180,3,0,None Noted
22,Louisiana,220213,2,0,None Noted
22,Louisiana,220247,2,0,None Noted
22,Louisiana,220247,3,0,None Noted
22,Louisiana,220254,3,0,None Noted
22,Louisiana,220336,2,0,None Noted
22,Louisiana,220345,3,0,None Noted
22,Louisiana,220394,2,0,None Noted
22,Louisiana,220472,2,0,None Noted
22,Louisiana,220676,2,0,None Noted
22,Louisiana,220681,2,0,None Noted
23,Maine,230015,2,0,None Noted
23,Maine,230015,3,0,None Noted
23,Maine,230024,2,0,None Noted
23,Maine,230038,2,0,None Noted
23,Maine,230093,2,0,None Noted
24,Maryland,240017,3,0,None Noted
24,Maryland,240061,2,0,None Noted
24,Maryland,240075,2,0,None Noted
24,Maryland,240075,3,0,None Noted
24,Maryland,240111,2,0,None Noted
24,Maryland,240113,3,0,None Noted
24,Maryland,240131,2,0,None Noted
24,Maryland,240131,3,0,None Noted
24,Maryland,240168,2,0,None Noted
24,Maryland,240168,3,0,None Noted
24,Maryland,240168,4,0,None Noted
24,Maryland,240178,2,0,None Noted
24,Maryland,240178,3,0,None Noted
24,Maryland,240206,2,0,None Noted
24,Maryland,240237,2,0,None Noted
24,Maryland,240318,3,0,None Noted
24,Maryland,240334,2,0,None Noted
24,Maryland,240344,2,0,None Noted
24,Maryland,240394,2,0,None Noted
24,Maryland,240428,2,0,None Noted
24,Maryland,240428,3,0,None Noted
24,Maryland,240483,2,0,None Noted
24,Maryland,240485,3,0,None Noted
24,Maryland,240485,4,0,None Noted
24,Maryland,240485,5,0,None Noted
24,Maryland,240515,3,0,None Noted
24,Maryland,240541,2,0,None Noted
24,Maryland,240563,2,0,None Noted
24,Maryland,240570,2,0,None Noted
24,Maryland,240576,2,0,None Noted
25,Massachusetts,250003,2,0,None Noted
25,Massachusetts,250019,2,0,None Noted
25,Massachusetts,250024,2,0,None Noted
25,Massachusetts,250029,2,0,None Noted
25,Massachusetts,250063,2,0,None Noted
25,Massachusetts,250085,2,0,None Noted
25,Massachusetts,250085,3,0,None Noted
25,Massachusetts,250089,2,0,None Noted
25,Massachusetts,250124,1,0,None Noted
25,Massachusetts,250189,2,0,None Noted
25,Massachusetts,250193,2,0,None Noted
25,Massachusetts,250193,3,0,None Noted
25,Massachusetts,250243,2,0,None Noted
25,Massachusetts,250243,3,0,None Noted
25,Massachusetts,250246,2,0,None Noted
25,Massachusetts,250247,2,0,None Noted
25,Massachusetts,250296,2,0,None Noted
25,Massachusetts,250296,3,0,None Noted
25,Massachusetts,250314,2,0,None Noted
25,Massachusetts,250330,2,0,None Noted
25,Massachusetts,250330,4,0,None Noted
25,Massachusetts,250340,1,0,None Noted
25,Massachusetts,250340,4,0,None Noted
25,Massachusetts,250343,2,0,None Noted
26,Michigan,260056,3,0,None Noted
26,Michigan,260056,4,0,None Noted
26,Michigan,260056,5,0,None Noted
26,Michigan,260134,2,0,None Noted
26,Michigan,260136,3,0,None Noted
26,Michigan,260142,3,0,None Noted
26,Michigan,260143,3,0,None Noted
26,Michigan,260184,2,41,"Police, Fire, or EMS Vehicle Working at the Scene of an Emergency or Performing Other Traffic Control Activities"
26,Michigan,260212,2,0,None Noted
26,Michigan,260223,3,0,None Noted
26,Michigan,260367,2,0,None Noted
26,Michigan,260409,2,0,None Noted
26,Michigan,260409,3,0,None Noted
26,Michigan,260424,2,0,None Noted
26,Michigan,260465,2,0,None Noted
26,Michigan,260482,3,0,None Noted
26,Michigan,260487,3,0,None Noted
26,Michigan,260494,2,0,None Noted
26,Michigan,260559,2,0,None Noted
26,Michigan,260580,3,0,None Noted
26,Michigan,260601,2,0,None Noted
26,Michigan,260601,3,0,None Noted
26,Michigan,260659,2,0,None Noted
26,Michigan,260696,2,0,None Noted
26,Michigan,260703,2,0,None Noted
26,Michigan,260708,2,0,None Noted
26,Michigan,260708,3,0,None Noted
26,Michigan,260711,2,0,None Noted
26,Michigan,260744,3,0,None Noted
26,Michigan,260745,2,0,None Noted
26,Michigan,260745,3,0,None Noted
26,Michigan,260751,2,0,None Noted
26,Michigan,260843,2,0,None Noted
26,Michigan,260846,2,0,None Noted
26,Michigan,260887,2,0,None Noted
26,Michigan,260887,3,0,None Noted
26,Michigan,260887,4,0,None Noted
26,Michigan,260979,2,0,None Noted
26,Michigan,260990,2,0,None Noted
27,Minnesota,270143,3,0,None Noted
27,Minnesota,270143,4,0,None Noted
27,Minnesota,270143,5,0,None Noted
27,Minnesota,270291,2,0,None Noted
28,Mississippi,280171,2,0,None Noted
28,Mississippi,280192,3,0,None Noted
28,Mississippi,280238,3,0,None Noted
28,Mississippi,280305,1,0,None Noted
28,Mississippi,280316,2,0,None Noted
28,Mississippi,280334,2,0,None Noted
28,Mississippi,280419,2,0,None Noted
28,Mississippi,280431,2,0,None Noted
28,Mississippi,280505,2,0,None Noted
28,Mississippi,280515,3,0,None Noted
29,Missouri,290105,3,0,None Noted
29,Missouri,290111,2,0,None Noted
29,Missouri,290172,2,0,None Noted
29,Missouri,290242,3,0,None Noted
29,Missouri,290242,4,0,None Noted
29,Missouri,290242,5,0,None Noted
29,Missouri,290388,2,0,None Noted
29,Missouri,290423,3,0,None Noted
29,Missouri,290427,2,0,None Noted
29,Missouri,290511,3,0,None Noted
29,Missouri,290612,2,0,None Noted
29,Missouri,290612,3,0,None Noted
29,Missouri,290621,3,0,None Noted
29,Missouri,290621,4,0,None Noted
29,Missouri,290628,2,0,None Noted
29,Missouri,290662,2,0,None Noted
29,Missouri,290662,3,0,None Noted
29,Missouri,290773,3,0,None Noted
29,Missouri,290773,4,0,None Noted
29,Missouri,290773,5,0,None Noted
29,Missouri,290777,2,0,None Noted
29,Missouri,290824,2,0,None Noted
29,Missouri,290837,2,0,None Noted
29,Missouri,290895,2,0,None Noted
30,Montana,300148,2,0,None Noted
30,Montana,300148,3,0,None Noted
31,Nebraska,310122,2,42,"Other Working Vehicle (Not Construction, Maintenance, Utility, Police, Fire, or EMS Vehicle)"
31,Nebraska,310193,3,0,None Noted
32,Nevada,320034,2,0,None Noted
32,Nevada,320040,2,0,None Noted
32,Nevada,320043,3,0,None Noted
32,Nevada,320054,2,0,None Noted
32,Nevada,320058,2,0,None Noted
32,Nevada,320082,2,0,None Noted
32,Nevada,320082,3,0,None Noted
32,Nevada,320082,4,0,None Noted
32,Nevada,320082,5,0,None Noted
32,Nevada,320082,6,0,None Noted
32,Nevada,320082,7,0,None Noted
32,Nevada,320082,8,0,None Noted
32,Nevada,320183,2,0,None Noted
32,Nevada,320183,3,0,None Noted
32,Nevada,320183,4,0,None Noted
32,Nevada,320183,5,0,None Noted
32,Nevada,320183,6,0,None Noted
32,Nevada,320183,7,0,None Noted
32,Nevada,320226,3,0,None Noted
32,Nevada,320226,4,0,None Noted
32,Nevada,320228,2,0,None Noted
32,Nevada,320241,2,0,None Noted
32,Nevada,320241,3,0,None Noted
32,Nevada,320301,2,0,None Noted
32,Nevada,320301,3,41,"Police, Fire, or EMS Vehicle Working at the Scene of an Emergency or Performing Other Traffic Control Activities"
32,Nevada,320342,4,0,None Noted
32,Nevada,320342,5,0,None Noted
33,New Hampshire,330086,2,0,None Noted
33,New Hampshire,330113,2,0,None Noted
34,New Jersey,340002,3,0,None Noted
34,New Jersey,340002,4,0,None Noted
34,New Jersey,340002,5,0,None Noted
34,New Jersey,340018,2,0,None Noted
34,New Jersey,340045,1,0,None Noted
34,New Jersey,340053,2,0,None Noted
34,New Jersey,340053,3,0,None Noted
34,New Jersey,340067,3,0,None Noted
34,New Jersey,340069,2,0,None Noted
34,New Jersey,340114,2,0,None Noted
34,New Jersey,340132,2,0,None Noted
34,New Jersey,340132,3,0,None Noted
34,New Jersey,340161,1,0,None Noted
34,New Jersey,340164,3,0,None Noted
34,New Jersey,340182,2,0,None Noted
34,New Jersey,340189,3,0,None Noted
34,New Jersey,340189,4,0,None Noted
34,New Jersey,340235,3,0,None Noted
34,New Jersey,340235,4,0,None Noted
34,New Jersey,340235,5,0,None Noted
34,New Jersey,340239,2,0,None Noted
34,New Jersey,340257,2,0,None Noted
34,New Jersey,340279,2,0,None Noted
34,New Jersey,340320,2,0,None Noted
34,New Jersey,340333,2,0,None Noted
34,New Jersey,340333,3,0,None Noted
34,New Jersey,340333,4,0,None Noted
34,New Jersey,340357,2,0,None Noted
34,New Jersey,340369,2,0,None Noted
34,New Jersey,340374,3,0,None Noted
34,New Jersey,340399,3,0,None Noted
34,New Jersey,340409,2,0,None Noted
34,New Jersey,340409,3,0,None Noted
34,New Jersey,340423,2,0,None Noted
34,New Jersey,340480,3,0,None Noted
34,New Jersey,340480,4,0,None Noted
34,New Jersey,340486,2,0,None Noted
34,New Jersey,340493,2,0,None Noted
34,New Jersey,340505,3,0,None Noted
34,New Jersey,340505,4,0,None Noted
34,New Jersey,340521,2,0,None Noted
34,New Jersey,340521,3,0,None Noted
34,New Jersey,340544,2,0,None Noted
34,New Jersey,340544,3,0,None Noted
34,New Jersey,340579,2,0,None Noted
35,New Mexico,350074,2,0,None Noted
35,New Mexico,350102,3,0,None Noted
35,New Mexico,350135,3,0,None Noted
35,New Mexico,350135,4,0,None Noted
35,New Mexico,350135,5,0,None Noted
35,New Mexico,350135,6,0,None Noted
35,New Mexico,350135,7,0,None Noted
35,New Mexico,350135,8,0,None Noted
35,New Mexico,350185,2,0,None Noted
35,New Mexico,350185,3,0,None Noted
36,New York,360061,2,0,None Noted
36,New York,360068,3,0,None Noted
36,New York,360088,2,0,None Noted
36,New York,360092,2,0,None Noted
36,New York,360093,3,0,None Noted
36,New York,360093,4,0,None Noted
36,New York,360108,3,0,None Noted
36,New York,360108,4,0,None Noted
36,New York,360117,4,0,None Noted
36,New York,360134,2,0,None Noted
36,New York,360135,3,0,None Noted
36,New York,360180,3,0,None Noted
36,New York,360189,2,0,None Noted
36,New York,360190,2,0,None Noted
36,New York,360191,3,0,None Noted
36,New York,360209,2,0,None Noted
36,New York,360213,2,0,None Noted
36,New York,360224,2,0,None Noted
36,New York,360256,2,0,None Noted
36,New York,360257,3,0,None Noted
36,New York,360257,4,0,None Noted
36,New York,360261,2,0,None Noted
36,New York,360266,2,0,None Noted
36,New York,360271,2,0,None Noted
36,New York,360277,3,0,None Noted
36,New York,360299,3,0,None Noted
36,New York,360344,2,0,None Noted
36,New York,360358,3,0,None Noted
36,New York,360358,4,0,None Noted
36,New York,360358,5,0,None Noted
36,New York,360378,2,0,None Noted
36,New York,360386,1,0,None Noted
36,New York,360416,2,0,None Noted
36,New York,360437,3,0,None Noted
36,New York,360443,3,0,None Noted
36,New York,360449,3,0,None Noted
36,New York,360531,3,0,None Noted
36,New York,360536,3,0,None Noted
36,New York,360555,3,0,None Noted
36,New York,360569,2,0,None Noted
36,New York,360579,2,0,None Noted
36,New York,360585,2,0,None Noted
36,New York,360600,2,0,None Noted
36,New York,360619,2,0,None Noted
36,New York,360619,3,0,None Noted
36,New York,360632,3,0,None Noted
36,New York,360646,2,0,None Noted
36,New York,360653,2,0,None Noted
36,New York,360686,2,0,None Noted
36,New York,360733,2,0,None Noted
36,New York,360776,2,0,None Noted
36,New York,360821,2,0,None Noted
36,New York,360855,2,0,None Noted
36,New York,360915,3,0,None Noted
36,New York,360915,4,0,None Noted
36,New York,360923,2,0,None Noted
36,New York,360923,3,0,None Noted
36,New York,360923,4,0,None Noted
36,New York,360923,5,0,None Noted
36,New York,360938,3,0,None Noted
36,New York,360956,2,0,None Noted
36,New York,360956,3,0,None Noted
36,New York,361026,1,0,None Noted
36,New York,361030,2,0,None Noted
36,New York,361038,1,0,None Noted
37,North Carolina,370040,3,0,None Noted
37,North Carolina,370088,2,0,None Noted
37,North Carolina,370133,2,0,None Noted
37,North Carolina,370170,1,0,None Noted
37,North Carolina,370244,1,0,None Noted
37,North Carolina,370308,2,0,None Noted
37,North Carolina,370315,2,0,None Noted
37,North Carolina,370323,4,0,None Noted
37,North Carolina,370445,3,0,None Noted
37,North Carolina,370445,4,0,None Noted
37,North Carolina,370445,5,0,None Noted
37,North Carolina,370559,3,0,None Noted
37,North Carolina,370579,2,0,None Noted
37,North Carolina,370585,2,0,None Noted
37,North Carolina,370585,3,0,None Noted
37,North Carolina,370674,1,0,None Noted
37,North Carolina,370710,2,0,None Noted
37,North Carolina,370883,2,0,None Noted
37,North Carolina,370949,2,0,None Noted
37,North Carolina,370998,3,0,None Noted
37,North Carolina,371019,2,0,None Noted
37,North Carolina,371122,1,0,None Noted
37,North Carolina,371122,3,0,None Noted
37,North Carolina,371151,2,0,None Noted
37,North Carolina,371200,2,0,None Noted
37,North Carolina,371216,2,0,None Noted
37,North Carolina,371216,3,0,None Noted
37,North Carolina,371256,2,0,None Noted
37,North Carolina,371287,2,0,None Noted
37,North Carolina,371287,3,0,None Noted
37,North Carolina,371312,2,0,None Noted
37,North Carolina,371350,3,0,None Noted
37,North Carolina,371377,2,0,None Noted
37,North Carolina,371388,2,0,None Noted
37,North Carolina,371479,2,0,None Noted
38,North Dakota,380036,3,0,None Noted
39,Ohio,390009,1,0,None Noted
39,Ohio,390017,2,0,None Noted
39,Ohio,390018,2,0,None Noted
39,Ohio,390121,2,0,None Noted
39,Ohio,390121,3,0,None Noted
39,Ohio,390133,3,0,None Noted
39,Ohio,390172,2,0,None Noted
39,Ohio,390239,1,0,None Noted
39,Ohio,390273,2,0,None Noted
39,Ohio,390368,2,0,None Noted
39,Ohio,390372,2,0,None Noted
39,Ohio,390376,3,0,None Noted
39,Ohio,390376,4,0,None Noted
39,Ohio,390379,2,0,None Noted
39,Ohio,390380,3,0,None Noted
39,Ohio,390380,4,0,None Noted
39,Ohio,390380,5,0,None Noted
39,Ohio,390456,2,0,None Noted
39,Ohio,390472,1,42,"Other Working Vehicle (Not Construction, Maintenance, Utility, Police, Fire, or EMS Vehicle)"
39,Ohio,390472,2,0,None Noted
39,Ohio,390472,3,0,None Noted
39,Ohio,390496,2,0,None Noted
39,Ohio,390533,2,0,None Noted
39,Ohio,390534,2,0,None Noted
39,Ohio,390552,2,0,None Noted
39,Ohio,390631,2,0,None Noted
39,Ohio,390681,2,0,None Noted
39,Ohio,390721,2,0,None Noted
39,Ohio,390740,2,0,None Noted
39,Ohio,390740,3,0,None Noted
39,Ohio,390742,2,0,None Noted
39,Ohio,390767,2,0,None Noted
39,Ohio,390770,1,0,None Noted
39,Ohio,390834,2,0,None Noted
39,Ohio,390973,2,0,None Noted
39,Ohio,390979,2,0,None Noted
39,Ohio,391006,1,0,None Noted
39,Ohio,391031,2,0,None Noted
39,Ohio,391071,2,0,None Noted
39,Ohio,391142,2,0,None Noted
39,Ohio,391150,2,0,None Noted
40,Oklahoma,400023,2,0,None Noted
40,Oklahoma,400029,2,0,None Noted
40,Oklahoma,400076,2,0,None Noted
40,Oklahoma,400111,2,0,None Noted
40,Oklahoma,400113,2,0,None Noted
40,Oklahoma,400305,2,0,None Noted
40,Oklahoma,400305,3,0,None Noted
40,Oklahoma,400305,4,0,None Noted
40,Oklahoma,400315,2,0,None Noted
40,Oklahoma,400315,3,0,None Noted
40,Oklahoma,400462,2,0,None Noted
40,Oklahoma,400462,3,0,None Noted
40,Oklahoma,400475,3,0,None Noted
40,Oklahoma,400489,2,0,None Noted
40,Oklahoma,400565,2,0,None Noted
41,Oregon,410001,2,0,None Noted
41,Oregon,410001,3,0,None Noted
41,Oregon,410001,4,0,None Noted
41,Oregon,410003,3,0,None Noted
41,Oregon,410066,2,0,None Noted
41,Oregon,410100,2,0,None Noted
41,Oregon,410143,2,0,None Noted
41,Oregon,410157,4,0,None Noted
41,Oregon,410177,2,0,None Noted
41,Oregon,410177,3,0,None Noted
41,Oregon,410205,2,0,None Noted
41,Oregon,410223,3,0,None Noted
41,Oregon,410232,3,0,None Noted
41,Oregon,410545,3,0,None Noted
42,Pennsylvania,420012,2,0,None Noted
42,Pennsylvania,420042,2,0,None Noted
42,Pennsylvania,420066,2,0,None Noted
42,Pennsylvania,420066,3,0,None Noted
42,Pennsylvania,420067,2,0,None Noted
42,Pennsylvania,420079,3,0,None Noted
42,Pennsylvania,420079,4,0,None Noted
42,Pennsylvania,420091,3,0,None Noted
42,Pennsylvania,420091,4,0,None Noted
42,Pennsylvania,420097,2,0,None Noted
42,Pennsylvania,420106,2,0,None Noted
42,Pennsylvania,420175,2,0,None Noted
42,Pennsylvania,420265,2,0,None Noted
42,Pennsylvania,420265,3,0,None Noted
42,Pennsylvania,420265,4,0,None Noted
42,Pennsylvania,420265,5,0,None Noted
42,Pennsylvania,420317,2,0,None Noted
42,Pennsylvania,420317,3,0,None Noted
42,Pennsylvania,420317,4,0,None Noted
42,Pennsylvania,420317,5,0,None Noted
42,Pennsylvania,420319,3,0,None Noted
42,Pennsylvania,420336,2,0,None Noted
42,Pennsylvania,420385,2,0,None Noted
42,Pennsylvania,420385,4,0,None Noted
42,Pennsylvania,420405,2,0,None Noted
42,Pennsylvania,420430,3,0,None Noted
42,Pennsylvania,420431,3,0,None Noted
42,Pennsylvania,420449,3,0,None Noted
42,Pennsylvania,420449,4,0,None Noted
42,Pennsylvania,420461,2,0,None Noted
42,Pennsylvania,420475,2,0,None Noted
42,Pennsylvania,420475,3,0,None Noted
42,Pennsylvania,420497,2,0,None Noted
42,Pennsylvania,420497,3,0,None Noted
42,Pennsylvania,420497,4,0,None Noted
42,Pennsylvania,420509,2,0,None Noted
42,Pennsylvania,420512,3,0,None Noted
42,Pennsylvania,420522,5,0,None Noted
42,Pennsylvania,420529,2,0,None Noted
42,Pennsylvania,420529,3,0,None Noted
42,Pennsylvania,420533,2,0,None Noted
42,Pennsylvania,420533,3,0,None Noted
42,Pennsylvania,420543,2,0,None Noted
42,Pennsylvania,420558,3,0,None Noted
42,Pennsylvania,420568,2,0,None Noted
42,Pennsylvania,420571,2,0,None Noted
42,Pennsylvania,420571,3,0,None Noted
42,Pennsylvania,420573,2,0,None Noted
42,Pennsylvania,420578,4,0,None Noted
42,Pennsylvania,420589,4,0,None Noted
42,Pennsylvania,420621,2,0,None Noted
42,Pennsylvania,420642,2,0,None Noted
42,Pennsylvania,420699,2,0,None Noted
42,Pennsylvania,420703,2,0,None Noted
42,Pennsylvania,420716,2,0,None Noted
42,Pennsylvania,420782,2,0,None Noted
42,Pennsylvania,420836,2,0,None Noted
42,Pennsylvania,420840,3,0,None Noted
42,Pennsylvania,420845,2,0,None Noted
42,Pennsylvania,420849,2,0,None Noted
42,Pennsylvania,420849,3,0,None Noted
42,Pennsylvania,420849,4,0,None Noted
42,Pennsylvania,420849,5,0,None Noted
42,Pennsylvania,420849,6,0,None Noted
42,Pennsylvania,420849,7,0,None Noted
42,Pennsylvania,420849,8,0,None Noted
42,Pennsylvania,420860,2,42,"Other Working Vehicle (Not Construction, Maintenance, Utility, Police, Fire, or EMS Vehicle)"
42,Pennsylvania,420860,3,0,None Noted
42,Pennsylvania,420887,2,0,None Noted
42,Pennsylvania,420890,3,0,None Noted
42,Pennsylvania,420987,2,0,None Noted
42,Pennsylvania,421028,2,0,None Noted
42,Pennsylvania,421065,2,0,None Noted
42,Pennsylvania,421098,2,0,None Noted
42,Pennsylvania,421098,3,0,None Noted
42,Pennsylvania,421123,2,0,None Noted
42,Pennsylvania,421136,3,0,None Noted
44,Rhode Island,440007,2,0,None Noted
44,Rhode Island,440007,3,0,None Noted
44,Rhode Island,440063,2,0,None Noted
44,Rhode Island,440063,3,0,None Noted
45,South Carolina,450032,2,0,None Noted
45,South Carolina,450036,1,0,None Noted
45,South Carolina,450071,2,0,None Noted
45,South Carolina,450093,3,0,None Noted
45,South Carolina,450097,1,0,None Noted
45,South Carolina,450097,2,0,None Noted
45,South Carolina,450127,1,0,None Noted
45,South Carolina,450127,2,0,None Noted
45,South Carolina,450237,1,0,None Noted
45,South Carolina,450237,2,0,None Noted
45,South Carolina,450271,1,0,None Noted
45,South Carolina,450276,1,0,None Noted
45,South Carolina,450302,2,0,None Noted
45,South Carolina,450310,1,0,None Noted
45,South Carolina,450329,2,0,None Noted
45,South Carolina,450336,2,0,None Noted
45,South Carolina,450343,2,0,None Noted
45,South Carolina,450343,3,0,None Noted
45,South Carolina,450343,4,0,None Noted
45,South Carolina,450373,3,0,None Noted
45,South Carolina,450407,1,0,None Noted
45,South Carolina,450410,2,0,None Noted
45,South Carolina,450461,2,0,None Noted
45,South Carolina,450490,1,0,None Noted
45,South Carolina,450520,1,0,None Noted
45,South Carolina,450612,1,0,None Noted
45,South Carolina,450621,2,0,None Noted
45,South Carolina,450621,3,0,None Noted
45,South Carolina,450621,4,0,None Noted
45,South Carolina,450621,5,0,None Noted
45,South Carolina,450649,2,0,None Noted
45,South Carolina,450679,1,0,None Noted
45,South Carolina,450689,2,0,None Noted
45,South Carolina,450731,1,0,None Noted
45,South Carolina,450744,2,0,None Noted
45,South Carolina,450760,2,0,None Noted
45,South Carolina,450832,3,0,None Noted
45,South Carolina,450832,4,0,None Noted
45,South Carolina,450874,1,0,None Noted
45,South Carolina,450877,2,0,None Noted
45,South Carolina,450877,3,0,None Noted
45,South Carolina,450877,4,0,None Noted
45,South Carolina,450952,2,0,None Noted
46,South Dakota,460011,2,0,None Noted
46,South Dakota,460011,3,0,None Noted
46,South Dakota,460011,4,0,None Noted
46,South Dakota,460011,5,0,None Noted
46,South Dakota,460011,6,0,None Noted
46,South Dakota,460011,7,0,None Noted
47,Tennessee,470016,2,0,None Noted
47,Tennessee,470051,4,0,None Noted
47,Tennessee,470051,5,0,None Noted
47,Tennessee,470099,2,0,None Noted
47,Tennessee,470114,3,0,None Noted
47,Tennessee,470168,2,0,None Noted
47,Tennessee,470168,3,0,None Noted
47,Tennessee,470168,4,0,None Noted
47,Tennessee,470168,5,0,None Noted
47,Tennessee,470181,2,0,None Noted
47,Tennessee,470190,3,0,None Noted
47,Tennessee,470223,1,0,None Noted
47,Tennessee,470238,1,0,None Noted
47,Tennessee,470298,1,0,None Noted
47,Tennessee,470372,2,0,None Noted
47,Tennessee,470385,2,0,None Noted
47,Tennessee,470411,2,0,None Noted
47,Tennessee,470485,2,0,None Noted
47,Tennessee,470550,2,0,None Noted
47,Tennessee,470578,2,0,None Noted
47,Tennessee,470579,3,0,None Noted
47,Tennessee,470581,2,0,None Noted
47,Tennessee,470606,2,0,None Noted
47,Tennessee,470636,2,0,None Noted
47,Tennessee,470636,3,0,None Noted
47,Tennessee,470688,3,0,None Noted
47,Tennessee,470688,4,0,None Noted
47,Tennessee,470688,5,0,None Noted
47,Tennessee,470699,2,0,None Noted
47,Tennessee,470701,2,0,None Noted
47,Tennessee,470709,2,0,None Noted
47,Tennessee,470709,3,0,None Noted
47,Tennessee,470734,2,0,None Noted
47,Tennessee,470898,2,0,None Noted
47,Tennessee,470926,2,0,None Noted
47,Tennessee,470926,3,0,None Noted
47,Tennessee,470969,2,42,"Other Working Vehicle (Not Construction, Maintenance, Utility, Police, Fire, or EMS Vehicle)"
47,Tennessee,470983,2,0,None Noted
47,Tennessee,470996,2,0,None Noted
47,Tennessee,471008,4,0,None Noted
47,Tennessee,471036,2,0,None Noted
47,Tennessee,471045,3,0,None Noted
47,Tennessee,471070,2,0,None Noted
47,Tennessee,471070,3,0,None Noted
47,Tennessee,471102,1,0,None Noted
47,Tennessee,471121,2,0,None Noted
47,Tennessee,471121,3,0,None Noted
47,Tennessee,471252,2,0,None Noted
47,Tennessee,471265,2,0,None Noted
48,Texas,480032,4,0,None Noted
48,Texas,480032,5,0,None Noted
48,Texas,480032,6,0,None Noted
48,Texas,480032,7,0,None Noted
48,Texas,480035,2,0,None Noted
48,Texas,480169,2,0,None Noted
48,Texas,480169,3,0,None Noted
48,Texas,480169,4,0,None Noted
48,Texas,480169,5,0,None Noted
48,Texas,480210,2,0,None Noted
48,Texas,480236,3,0,None Noted
48,Texas,480236,4,0,None Noted
48,Texas,480236,5,0,None Noted
48,Texas,480249,2,0,None Noted
48,Texas,480259,3,0,None Noted
48,Texas,480259,4,0,None Noted
48,Texas,480259,5,0,None Noted
48,Texas,480263,3,0,None Noted
48,Texas,480263,4,0,None Noted
48,Texas,480263,5,0,None Noted
48,Texas,480274,3,0,None Noted
48,Texas,480274,4,0,None Noted
48,Texas,480274,5,0,None Noted
48,Texas,480284,2,0,None Noted
48,Texas,480284,3,0,None Noted
48,Texas,480284,4,0,None Noted
48,Texas,480308,3,0,None Noted
48,Texas,480308,4,0,None Noted
48,Texas,480433,2,0,None Noted
48,Texas,480451,2,0,None Noted
48,Texas,480478,3,0,None Noted
48,Texas,480496,2,0,None Noted
48,Texas,480533,2,0,None Noted
48,Texas,480561,2,0,None Noted
48,Texas,480561,3,0,None Noted
48,Texas,480617,2,0,None Noted
48,Texas,480622,2,0,None Noted
48,Texas,480622,3,0,None Noted
48,Texas,480661,3,0,None Noted
48,Texas,480661,4,0,None Noted
48,Texas,480673,3,0,None Noted
48,Texas,480673,4,0,None Noted
48,Texas,480673,5,0,None Noted
48,Texas,480673,6,0,None Noted
48,Texas,480673,7,0,None Noted
48,Texas,480694,4,0,None Noted
48,Texas,480762,3,0,None Noted
48,Texas,480762,4,0,None Noted
48,Texas,480810,2,0,None Noted
48,Texas,480835,2,0,None Noted
48,Texas,480909,3,0,None Noted
48,Texas,480932,2,0,None Noted
48,Texas,480933,2,0,None Noted
48,Texas,480963,3,0,None Noted
48,Texas,481014,2,0,None Noted
48,Texas,481060,2,0,None Noted
48,Texas,481104,2,0,None Noted
48,Texas,481125,2,0,None Noted
48,Texas,481127,2,0,None Noted
48,Texas,481203,2,0,None Noted
48,Texas,481203,3,0,None Noted
48,Texas,481203,4,0,None Noted
48,Texas,481293,2,0,None Noted
48,Texas,481313,2,0,None Noted
48,Texas,481314,2,0,None Noted
48,Texas,481330,2,0,None Noted
48,Texas,481422,2,0,None Noted
48,Texas,481427,3,0,None Noted
48,Texas,481626,2,0,None Noted
48,Texas,481640,2,0,None Noted
48,Texas,481640,3,0,None Noted
48,Texas,481714,2,0,None Noted
48,Texas,481752,3,0,None Noted
48,Texas,481772,2,0,None Noted
48,Texas,481772,3,0,None Noted
48,Texas,481809,2,0,None Noted
48,Texas,481809,3,0,None Noted
48,Texas,481865,3,0,None Noted
48,Texas,481868,2,0,None Noted
48,Texas,481868,3,0,None Noted
48,Texas,481974,2,0,None Noted
48,Texas,482094,2,42,"Other Working Vehicle (Not Construction, Maintenance, Utility, Police, Fire, or EMS Vehicle)"
48,Texas,482148,2,0,None Noted
48,Texas,482177,3,0,None Noted
48,Texas,482203,2,0,None Noted
48,Texas,482228,2,0,None Noted
48,Texas,482228,3,0,None Noted
48,Texas,482228,4,0,None Noted
48,Texas,482262,2,0,None Noted
48,Texas,482264,3,0,None Noted
48,Texas,482315,2,0,None Noted
48,Texas,482333,2,0,None Noted
48,Texas,482345,2,0,None Noted
48,Texas,482363,2,0,None Noted
48,Texas,482465,2,0,None Noted
48,Texas,482519,2,0,None Noted
48,Texas,482527,2,0,None Noted
48,Texas,482527,3,0,None Noted
48,Texas,482546,2,0,None Noted
48,Texas,482637,2,0,None Noted
48,Texas,482690,2,0,None Noted
48,Texas,482776,3,0,None Noted
48,Texas,482785,2,0,None Noted
48,Texas,482819,5,0,None Noted
48,Texas,482819,6,0,None Noted
48,Texas,482819,7,0,None Noted
48,Texas,482833,3,0,None Noted
48,Texas,482887,4,0,None Noted
48,Texas,482897,2,0,None Noted
48,Texas,482900,2,0,None Noted
48,Texas,482938,2,0,None Noted
48,Texas,482942,2,0,None Noted
48,Texas,482987,2,0,None Noted
48,Texas,483023,2,0,None Noted
48,Texas,483025,2,0,None Noted
48,Texas,483025,3,0,None Noted
48,Texas,483025,4,0,None Noted
48,Texas,483070,2,0,None Noted
48,Texas,483105,2,0,None Noted
48,Texas,483192,3,0,None Noted
48,Texas,483301,2,0,None Noted
48,Texas,483363,2,0,None Noted
48,Texas,483363,3,0,None Noted
48,Texas,483365,2,0,None Noted
48,Texas,483522,3,0,None Noted
48,Texas,483527,2,0,None Noted
48,Texas,483629,2,0,None Noted
48,Texas,483643,3,0,None Noted
48,Texas,483643,4,0,None Noted
48,Texas,483643,5,0,None Noted
48,Texas,483696,2,0,None Noted
48,Texas,483726,2,0,None Noted
48,Texas,483734,2,0,None Noted
48,Texas,483771,2,0,None Noted
48,Texas,483822,2,0,None Noted
48,Texas,483854,3,0,None Noted
48,Texas,483854,4,0,None Noted
48,Texas,483854,5,0,None Noted
48,Texas,483885,2,0,None Noted
48,Texas,483886,2,0,None Noted
48,Texas,483909,4,0,None Noted
48,Texas,483945,2,0,None Noted
48,Texas,483964,3,0,None Noted
48,Texas,483990,5,0,None Noted
48,Texas,483990,6,0,None Noted
49,Utah,490031,2,0,None Noted
49,Utah,490057,2,0,None Noted
49,Utah,490057,3,0,None Noted
49,Utah,490057,4,0,None Noted
49,Utah,490114,2,0,None Noted
49,Utah,490131,2,0,None Noted
49,Utah,490134,2,0,None Noted
49,Utah,490162,2,0,None Noted
49,Utah,490162,3,0,None Noted
49,Utah,490211,2,0,None Noted
49,Utah,490219,2,0,None Noted
49,Utah,490238,2,0,None Noted
49,Utah,490259,2,0,None Noted
51,Virginia,510006,2,0,None Noted
51,Virginia,510014,2,0,None Noted
51,Virginia,510037,1,0,None Noted
51,Virginia,510112,2,0,None Noted
51,Virginia,510112,3,0,None Noted
51,Virginia,510126,2,0,None Noted
51,Virginia,510133,4,0,None Noted
51,Virginia,510141,2,0,None Noted
51,Virginia,510199,2,0,None Noted
51,Virginia,510258,2,0,None Noted
51,Virginia,510325,2,0,None Noted
51,Virginia,510346,2,0,None Noted
51,Virginia,510351,3,0,None Noted
51,Virginia,510382,2,0,None Noted
51,Virginia,510441,3,0,None Noted
51,Virginia,510441,4,0,None Noted
51,Virginia,510570,2,0,None Noted
51,Virginia,510626,2,0,None Noted
51,Virginia,510642,2,0,None Noted
51,Virginia,510686,2,0,None Noted
51,Virginia,510688,2,0,None Noted
51,Virginia,510694,1,0,None Noted
51,Virginia,510712,2,0,None Noted
51,Virginia,510754,1,0,None Noted
51,Virginia,510754,2,0,None Noted
51,Virginia,510754,3,0,None Noted
51,Virginia,510802,3,0,None Noted
51,Virginia,510808,2,0,None Noted
51,Virginia,510808,3,0,None Noted
51,Virginia,510816,2,0,None Noted
51,Virginia,510816,3,0,None Noted
51,Virginia,510837,3,0,None Noted
53,Washington,530013,2,0,None Noted
53,Washington,530055,2,0,None Noted
53,Washington,530211,2,0,None Noted
53,Washington,530211,3,0,None Noted
53,Washington,530315,2,0,None Noted
53,Washington,530329,2,0,None Noted
53,Washington,530329,3,0,None Noted
53,Washington,530350,2,0,None Noted
53,Washington,530350,3,0,None Noted
53,Washington,530350,4,0,None Noted
53,Washington,530370,2,0,None Noted
53,Washington,530370,3,0,None Noted
53,Washington,530370,4,0,None Noted
53,Washington,530391,2,0,None Noted
53,Washington,530391,3,0,None Noted
53,Washington,530571,2,0,None Noted
53,Washington,530718,2,0,None Noted
53,Washington,530756,2,0,None Noted
53,Washington,530758,3,0,None Noted
53,Washington,530758,4,0,None Noted
54,West Virginia,540010,2,0,None Noted
54,West Virginia,540010,3,0,None Noted
54,West Virginia,540034,2,0,None Noted
54,West Virginia,540050,2,0,None Noted
54,West Virginia,540123,2,0,None Noted
55,Wisconsin,550028,4,0,None Noted
55,Wisconsin,550056,2,0,None Noted
55,Wisconsin,550056,3,0,None Noted
55,Wisconsin,550102,3,0,None Noted
55,Wisconsin,550151,2,0,None Noted
55,Wisconsin,550188,1,0,None Noted
55,Wisconsin,550205,3,0,None Noted
55,Wisconsin,550224,3,0,None Noted
55,Wisconsin,550224,4,0,None Noted
55,Wisconsin,550224,5,0,None Noted
55,Wisconsin,550231,2,0,None Noted
55,Wisconsin,550243,2,0,None Noted
55,Wisconsin,550243,3,0,None Noted
55,Wisconsin,550343,3,0,None Noted
55,Wisconsin,550469,2,0,None Noted
55,Wisconsin,550472,2,0,None Noted
55,Wisconsin,550502,3,0,None Noted
55,Wisconsin,550522,3,0,None Noted
55,Wisconsin,550522,4,0,None Noted
55,Wisconsin,550524,3,0,None Noted
56,Wyoming,560010,2,0,None Noted
56,Wyoming,560012,2,42,"Other Working Vehicle (Not Construction, Maintenance, Utility, Police, Fire, or EMS Vehicle)"
56,Wyoming,560027,2,42,"Other Working Vehicle (Not Construction, Maintenance, Utility, Police, Fire, or EMS Vehicle)"
56,Wyoming,560027,3,0,None Noted
56,Wyoming,560075,2,0,None Noted
56,Wyoming,560090,1,0,None Noted
